unix_seconds,sample_duration_seconds,host_tree_rss_bytes,host_tree_swap_bytes,whole_gpu_used_bytes,whole_gpu_free_bytes,resident_host_W_lower_bound_bytes,resident_device_W_bytes,sampled_temporary_bytes,W_transition_incomplete,cgroup_memory_current_bytes,disk_available_bytes,smaps_read_failures
1791590165.9644792,0.02340829186141491,22110208,0,61740154880,23278387200,0,0,,0,164423921664,121140891648,0
1791590166.1610534,0.019917169585824013,22138880,0,61740154880,23278387200,0,0,,0,164423888896,121140887552,0
1791590166.3634038,0.022203082218766212,22159360,0,61740154880,23278387200,0,0,,0,164424081408,121140887552,0
1791590166.560956,0.01969418302178383,22179840,0,61740154880,23278387200,0,0,,0,164424552448,121140887552,0
1791590166.7625456,0.02121814154088497,22196224,0,61740154880,23278387200,0,0,,0,164424249344,121140887552,0
1791590166.9674358,0.026031535118818283,22433792,0,61740154880,23278387200,0,0,,0,164424425472,121140887552,0
1791590167.1645384,0.023063989356160164,22437888,0,61740154880,23278387200,0,0,,0,163969892352,121140887552,0
1791590167.3645337,0.022985048592090607,22446080,0,61740154880,23278387200,0,0,,0,163969724416,121140887552,0
1791590167.5596297,0.01800190471112728,22446080,0,61740154880,23278387200,0,0,,0,163968413696,121140887552,0
1791590167.7623754,0.020687131211161613,22454272,0,61740154880,23278387200,0,0,,0,163968598016,121140887552,0
1791590167.963332,0.021583104506134987,22466560,0,61740154880,23278387200,0,0,,0,163968770048,121140887552,0
1791590168.161922,0.020111003890633583,22478848,0,61740154880,23278387200,0,0,,0,163968950272,121140887552,0
1791590168.3612401,0.01936613954603672,22482944,0,61740154880,23278387200,0,0,,0,163969048576,121140887552,0
1791590168.569236,0.027284275740385056,22487040,0,61740154880,23278387200,0,0,,0,163968819200,121140887552,0
1791590168.7688825,0.026850147172808647,22638592,0,61740154880,23278387200,0,0,,0,163969204224,121140887552,0
1791590168.9667401,0.024641575291752815,22638592,0,61740154880,23278387200,0,0,,0,163969912832,121140887552,0
1791590169.1688478,0.02668267861008644,22642688,0,61740154880,23278387200,0,0,,0,163969810432,121140887552,0
1791590169.3705206,0.02827480249106884,22642688,0,61740154880,23278387200,0,0,,0,163969998848,121140887552,0
1791590169.5676944,0.02536836639046669,22781952,0,61740154880,23278387200,0,0,,0,163969802240,121140887552,0
1791590169.7722838,0.029879255220294,22798336,0,61740154880,23278387200,0,0,,0,163969474560,121140887552,0
1791590169.9694302,0.026945583522319794,22810624,0,61740154880,23278387200,0,0,,0,163969363968,121140887552,0
1791590170.162987,0.02041853591799736,22818816,0,61740154880,23278387200,0,0,,0,163969527808,121140887552,0
1791590170.3617542,0.019125323742628098,22831104,0,61740154880,23278387200,0,0,,0,163969724416,121140887552,0
1791590170.5665298,0.02383899874985218,22839296,0,61740154880,23278387200,0,0,,0,163969859584,121140887552,0
1791590170.7675738,0.024817924946546555,22839296,0,61740154880,23278387200,0,0,,0,163970113536,121140887552,0
1791590170.9665792,0.023756057024002075,22843392,0,61740154880,23278387200,0,0,,0,163970215936,121140887552,0
1791590171.1644597,0.021572794765233994,22847488,0,61740154880,23278387200,0,0,,0,163969802240,121140887552,0
1791590171.3632102,0.020261557772755623,22847488,0,61740154880,23278387200,0,0,,0,163969380352,121140887552,0
1791590171.572485,0.029476124793291092,22851584,0,61740154880,23278387200,0,0,,0,163969802240,121140887552,0
1791590171.768563,0.02545846812427044,22855680,0,61740154880,23278387200,0,0,,0,163969818624,121140887552,0
1791590171.9626832,0.01951553300023079,22855680,0,61740154880,23278387200,0,0,,0,163970002944,121140887552,0
1791590172.182046,0.03881649300456047,22966272,0,61740154880,23278387200,0,0,,0,163969458176,121140887552,0
1791590172.3653564,0.022064557299017906,23023616,0,61740154880,23278387200,0,0,,0,163969744896,121140887552,0
1791590172.570436,0.027063485234975815,23027712,0,61740154880,23278387200,0,0,,0,163969617920,121140887552,0
1791590172.7698941,0.02643902413547039,23027712,0,61740154880,23278387200,0,0,,0,163969142784,121140887552,0
1791590172.968981,0.025442497804760933,23027712,0,61740154880,23278387200,0,0,,0,163969327104,121140883456,0
