unix_seconds,sample_duration_seconds,host_tree_rss_bytes,host_tree_swap_bytes,whole_gpu_used_bytes,whole_gpu_free_bytes,resident_host_W_lower_bound_bytes,resident_device_W_bytes,sampled_temporary_bytes,W_transition_incomplete,cgroup_memory_current_bytes,disk_available_bytes
1791579107.284541,0.031546493992209435,52092928,0,0,85017493504,0,0,52092928,0,125883805696,121210155008
1791579107.4787657,0.025709103792905807,78778368,0,0,85017493504,0,0,78778368,0,125910233088,121210150912
1791579107.6809525,0.027816416695713997,79052800,0,0,85017493504,0,0,79052800,0,125910056960,121210150912
1791579107.8799715,0.02675660513341427,79052800,0,0,85017493504,0,0,79052800,0,125910151168,121210150912
1791579108.0779858,0.024689991027116776,79056896,0,0,85017493504,0,0,79056896,0,125909901312,121210150912
1791579108.2777617,0.02438608556985855,79060992,0,0,85017493504,0,0,79060992,0,125909762048,121210150912
1791579108.4809644,0.02751319669187069,79060992,0,0,85017493504,0,0,79060992,0,125909843968,121210150912
1791579108.6778233,0.024294128641486168,79060992,0,0,85017493504,0,0,79060992,0,125909938176,121210150912
1791579108.8780951,0.024485163390636444,79060992,0,0,85017493504,0,0,79060992,0,125910028288,121210150912
1791579109.082008,0.028319939970970154,79065088,0,0,85017493504,0,0,79065088,0,125910138880,121210150912
1791579109.2830753,0.02930918149650097,79073280,0,0,85017493504,0,0,79073280,0,125910228992,121210150912
1791579109.4793336,0.02548396773636341,79073280,0,0,85017493504,0,0,79073280,0,125909913600,121210150912
1791579109.6795382,0.025609958916902542,79073280,0,0,85017493504,0,0,79073280,0,125910003712,121210150912
1791579109.8781488,0.024140886962413788,87871488,0,0,85017493504,0,0,87871488,0,125919010816,121210150912
1791579110.078354,0.02426750771701336,87871488,0,0,85017493504,0,0,87871488,0,125918801920,121210150912
1791579110.2782984,0.02413315325975418,87871488,0,0,85017493504,0,0,87871488,0,125918887936,121210150912
1791579110.4835467,0.02929990366101265,87871488,0,0,85017493504,0,0,87871488,0,125918982144,121210150912
1791579110.6830406,0.028714407235383987,87871488,0,0,85017493504,0,0,87871488,0,125919330304,121210150912
1791579110.8848135,0.030408209189772606,87875584,0,0,85017493504,0,0,87875584,0,125919428608,121210150912
1791579111.0805068,0.026018843054771423,87875584,0,0,85017493504,0,0,87875584,0,125919514624,121210150912
1791579111.2808485,0.026281122118234634,87875584,0,0,85017493504,0,0,87875584,0,125919571968,121210150912
1791579111.4845607,0.02989962324500084,87875584,0,0,85017493504,0,0,87875584,0,125919084544,121210150912
1791579111.682847,0.0281058456748724,87875584,0,0,85017493504,0,0,87875584,0,125919182848,121210150912
1791579111.8817155,0.0268942229449749,87875584,0,0,85017493504,0,0,87875584,0,125919252480,121210150912
1791579112.079415,0.02451486885547638,87875584,0,0,85017493504,0,0,87875584,0,125919338496,121210150912
1791579112.285826,0.03084550052881241,95797248,0,0,85017493504,0,0,95797248,0,125926928384,121210150912
1791579112.483106,0.028063835576176643,96665600,0,0,85017493504,0,0,96665600,0,125927886848,121210150912
1791579112.680219,0.025098782032728195,96665600,0,0,85017493504,0,0,96665600,0,125927976960,121210150912
1791579112.882966,0.0277671180665493,96665600,0,0,85017493504,0,0,96665600,0,125928321024,121210150912
1791579113.0820994,0.026820968836545944,96665600,0,0,85017493504,0,0,96665600,0,125928407040,121210150912
1791579113.2795694,0.024212129414081573,96665600,0,0,85017493504,0,0,96665600,0,125928448000,121210150912
1791579113.488364,0.0329304076731205,96665600,0,0,85017493504,0,0,96665600,0,125928267776,121210150912
1791579113.6791155,0.02360573224723339,96665600,0,0,85017493504,0,0,96665600,0,125928361984,121210150912
1791579113.8846648,0.029077088460326195,96665600,0,0,85017493504,0,0,96665600,0,125928693760,121210150912
1791579114.083444,0.027775995433330536,96669696,0,0,85017493504,0,0,96669696,0,125928251392,121210150912
1791579114.280269,0.02451947331428528,96669696,0,0,85017493504,0,0,96669696,0,125928341504,121210150912
1791579114.4820554,0.026226267218589783,96669696,0,0,85017493504,0,0,96669696,0,125928005632,121210150912
1791579114.684014,0.02808535471558571,96669696,0,0,85017493504,0,0,96669696,0,125927763968,121210146816
1791579114.8846269,0.028614167124032974,130002944,0,0,85017493504,0,0,130002944,0,125960892416,121210142720
1791579115.0852554,0.02916128560900688,130158592,0,0,85017493504,0,0,130158592,0,125961232384,121210142720
1791579115.2812507,0.025029342621564865,130158592,0,0,85017493504,0,0,130158592,0,125961326592,121210142720
1791579115.48463,0.02833213098347187,130158592,0,0,85017493504,0,0,130158592,0,125961433088,121210142720
1791579115.681,0.02462451159954071,130158592,0,0,85017493504,0,0,130158592,0,125961261056,121210142720
1791579115.8809068,0.024453500285744667,130158592,0,0,85017493504,0,0,130158592,0,125961351168,121210142720
1791579116.0830097,0.02647930011153221,130158592,0,0,85017493504,0,0,130158592,0,125961449472,121210142720
1791579116.286102,0.02949344925582409,130158592,0,0,85017493504,0,0,130158592,0,125961797632,121210142720
1791579116.484032,0.027344051748514175,130158592,0,0,85017493504,0,0,130158592,0,125961846784,121210142720
1791579116.6867964,0.030030054971575737,130158592,0,0,85017493504,0,0,130158592,0,125961232384,121210142720
1791579116.8846579,0.027811244130134583,130158592,0,0,85017493504,0,0,130158592,0,125961216000,121210142720
1791579117.0829139,0.025985702872276306,130158592,0,0,85017493504,0,0,130158592,0,125960544256,121210142720
1791579117.3221235,0.06511701084673405,140988416,0,0,85017493504,0,0,140988416,0,125971574784,121210142720
1791579117.4978707,0.04078265652060509,140988416,0,0,85017493504,0,0,140988416,0,125971329024,121210142720
1791579117.682831,0.02566402405500412,140988416,0,0,85017493504,0,0,140988416,0,125970833408,121210142720
1791579117.8807979,0.023550717160105705,140988416,0,0,85017493504,0,0,140988416,0,125970923520,121210142720
1791579118.0874867,0.030160874128341675,140988416,0,0,85017493504,0,0,140988416,0,125971017728,121210142720
1791579118.2852633,0.02785434201359749,140988416,0,0,85017493504,0,0,140988416,0,125971369984,121210142720
1791579118.4834864,0.025995103642344475,140988416,0,0,85017493504,0,0,140988416,0,125971464192,121210142720
1791579118.6852462,0.02767341583967209,140988416,0,0,85017493504,0,0,140988416,0,125971435520,121210142720
1791579118.8846374,0.026984108611941338,140988416,0,0,85017493504,0,0,140988416,0,125971492864,121210142720
1791579119.0821943,0.024459270760416985,140992512,0,0,85017493504,0,0,140992512,0,125971316736,121210142720
1791579119.2828104,0.024995218962430954,140992512,0,0,85017493504,0,0,140992512,0,125971415040,121210142720
1791579119.4835536,0.025652918964624405,140992512,0,0,85017493504,0,0,140992512,0,125970890752,121210142720
1791579119.6830263,0.02504632994532585,140992512,0,0,85017493504,0,0,140992512,0,125970890752,121210142720
1791579119.8823764,0.024316251277923584,147771392,0,0,85017493504,0,0,147771392,0,125977530368,121210142720
1791579120.0823264,0.02418321929872036,147771392,0,0,85017493504,0,0,147771392,0,125977620480,121210142720
1791579120.282681,0.02445749007165432,147771392,0,0,85017493504,0,0,147771392,0,125977710592,121210142720
1791579120.4887109,0.03040369786322117,147771392,0,0,85017493504,0,0,147771392,0,125977796608,121210142720
1791579120.6869247,0.028521111235022545,147771392,0,0,85017493504,0,0,147771392,0,125978116096,121210142720
1791579120.8869998,0.028488798066973686,147771392,0,0,85017493504,0,0,147771392,0,125977821184,121210142720
1791579121.0852146,0.02662232518196106,147771392,0,0,85017493504,0,0,147771392,0,125977915392,121210142720
1791579121.2863111,0.027636539191007614,147771392,0,0,85017493504,0,0,147771392,0,125977907200,121210142720
1791579121.483651,0.024896545335650444,147771392,0,0,85017493504,0,0,147771392,0,125977985024,121210142720
1791579121.6837006,0.024869678542017937,147771392,0,0,85017493504,0,0,147771392,0,125978075136,121210142720
1791579121.8834908,0.024581070989370346,147771392,0,0,85017493504,0,0,147771392,0,125977993216,121210142720
1791579122.083533,0.0245432797819376,147771392,0,0,85017493504,0,0,147771392,0,125977825280,121210138624
1791579122.2862766,0.02721838466823101,136851456,0,0,85017493504,0,0,136851456,0,125966913536,121210134528
1791579122.4838383,0.024703238159418106,136867840,0,0,85017493504,0,0,136867840,0,125966766080,121210134528
1791579122.6836452,0.024433715268969536,136884224,0,0,85017493504,0,0,136884224,0,125966860288,121210134528
1791579122.885498,0.026203405112028122,136892416,0,0,85017493504,0,0,136892416,0,125966958592,121210134528
1791579123.0930412,0.033666156232357025,170962944,0,0,85017493504,10899456,0,160063488,0,126001311744,121210130432
1791579123.2949367,0.03548054024577141,355262464,0,0,85017493504,195227648,0,160034816,0,126185877504,121210130432
1791579123.5025566,0.043019212782382965,544133120,0,0,85017493504,379973632,0,164159488,0,126375235584,121210130432
1791579123.7097452,0.050120940431952477,731947008,0,0,85017493504,568119296,0,163827712,0,126563373056,121210130432
1791579123.9084613,0.04875464178621769,911290368,0,0,85017493504,751759360,0,159531008,0,126743031808,121210130432
1791579124.1089756,0.04918762668967247,1092464640,0,0,85017493504,933228544,0,159236096,0,126924787712,121210130432
1791579124.310715,0.05084391124546528,1274458112,0,0,85017493504,1115549696,0,158908416,0,127107055616,121210130432
1791579124.5176504,0.057698315009474754,1461207040,0,0,85017493504,1298108416,0,163098624,0,127293796352,121210130432
1791579124.722317,0.0622857753187418,1645957120,0,0,85017493504,1484255232,0,161701888,0,127478943744,121210130432
1791579124.9224448,0.062332961708307266,1826803712,0,0,85017493504,1667407872,0,159395840,0,127660183552,121210130432
1791579125.1228776,0.06268264912068844,2007977984,0,0,85017493504,1847664640,0,160313344,0,127841927168,121210130432
1791579125.3242989,0.06402215547859669,2190000128,0,0,85017493504,2030895104,0,159105024,0,128024215552,121210130432
1791579125.5265486,0.06619084440171719,2372530176,0,0,85017493504,2214043648,0,158486528,0,128207011840,121210130432
1791579125.7298696,0.0694319810718298,2556526592,0,0,85017493504,2397609984,0,158916608,0,128391393280,121210130432
1791579125.931468,0.07094568759202957,2729070592,0,0,85017493504,2571628544,0,157442048,0,128564391936,121210130432
1791579126.1348903,0.07428621873259544,2903453696,0,0,85017493504,2745450496,0,158003200,0,128739221504,121210130432
1791579126.3366437,0.07596238888800144,3085914112,0,0,85017493504,2928144384,0,157769728,0,128921755648,121210130432
1791579126.5361524,0.07539265975356102,3266719744,0,0,85017493504,3109257216,0,157462528,0,129102704640,121210130432
1791579126.7392614,0.07842222042381763,3451170816,0,0,85017493504,3293310976,0,157859840,0,129287561216,121210130432
1791579126.9388404,0.07792209275066853,3632017408,0,0,85017493504,3474452480,0,157564928,0,129468784640,121210130432
1791579127.1399126,0.07891999930143356,3814318080,0,0,85017493504,3657232384,0,157085696,0,129651322880,121210130432
1791579127.3452325,0.08417069725692272,4000002048,0,0,85017493504,3838902272,0,161099776,0,129836892160,121210130432
1791579127.5466795,0.08554587326943874,4182274048,0,0,85017493504,4021436416,0,160837632,0,130019401728,121210130432
1791579127.7423308,0.08112872205674648,4359254016,0,0,85017493504,4201005056,0,158248960,0,130196967424,121210130432
1791579127.940391,0.0791221335530281,4538339328,0,0,85017493504,4381728768,0,156610560,0,130376212480,121210130432
1791579128.1417603,0.08042774349451065,4720652288,0,0,85017493504,4564185088,0,156467200,0,130558750720,121210130432
1791579128.3448486,0.08344856277108192,4904505344,0,0,85017493504,4746022912,0,158482432,0,130743095296,121210130432
1791579128.5432758,0.08181034028530121,5084131328,0,0,85017493504,4927713280,0,156418048,0,130923016192,121210130432
1791579128.744919,0.08338822610676289,5266874368,0,0,85017493504,5110099968,0,156774400,0,131106349056,121210130432
1791579128.9494264,0.08782465755939484,5453668352,0,0,85017493504,5293948928,0,159719424,0,131293605888,121210130432
1791579129.150571,0.08890455216169357,5636870144,0,0,85017493504,5476552704,0,160317440,0,131476860928,121210130432
1791579129.350674,0.0889433678239584,5819445248,0,0,85017493504,5661319168,0,158126080,0,131659567104,121210126336
1791579129.5514178,0.08962026610970497,5992009728,0,0,85017493504,5834203136,0,157806592,0,131832676352,121210126336
1791579129.7511046,0.08924330025911331,6173347840,0,0,85017493504,6016319488,0,157028352,0,132014702592,121210126336
1791579129.9540586,0.09213313832879066,6348533760,0,0,85017493504,6187986944,0,160546816,0,132190167040,121210126336
1791579130.1877952,0.12580477260053158,6565720064,0,0,85017493504,6404829184,0,160890880,0,132408111104,121210126336
1791579130.3661013,0.10404725186526775,6730739712,0,0,85017493504,6573092864,0,157646848,0,132573609984,121210126336
1791579130.5515969,0.08948031812906265,6902472704,0,0,85017493504,6746050560,0,156422144,0,132745662464,121210126336
1791579130.7525196,0.0903239008039236,7088734208,0,0,85017493504,6932586496,0,156147712,0,132932141056,121210126336
1791579130.954075,0.09181701205670834,7275773952,0,0,85017493504,7119638528,0,156135424,0,133119668224,121210126336
1791579131.1595817,0.09726162068545818,7466631168,0,0,85017493504,7306838016,0,159793152,0,133311127552,121210126336
1791579131.4020047,0.13961943238973618,7672377344,0,0,85017493504,7520681984,0,151695360,0,133516668928,121210126336
1791579131.6003,0.13785087130963802,7855693824,0,0,85017493504,7698366464,0,157327360,0,133700530176,121210126336
1791579131.8023148,0.13979334570467472,8042741760,0,0,85017493504,7885971456,0,156770304,0,133888286720,121210126336
1791579132.0027516,0.14016554318368435,8228728832,0,0,85017493504,8071942144,0,156786688,0,134074761216,121210126336
1791579132.2046447,0.1419934518635273,8416280576,0,0,85017493504,8259694592,0,156585984,0,134262280192,121210126336
1791579132.4099536,0.14723646454513073,8606613504,0,0,85017493504,8449454080,0,157159424,0,134453563392,121210126336
1791579132.6164753,0.153695248067379,8798248960,0,0,85017493504,8637739008,0,160509952,0,134645465088,121210126336
1791579132.7974334,0.13459055311977863,8965881856,0,0,85017493504,8805543936,0,160337920,0,134812663808,121210126336
1791579132.9862833,0.1233782209455967,9127485440,0,0,85017493504,8969568256,0,157917184,0,134974730240,121210126336
1791579133.177765,0.11479751020669937,9305096192,0,0,85017493504,9147641856,0,157454336,0,135152820224,121210126336
1791579133.3781364,0.1151050515472889,9490280448,0,0,85017493504,9333293056,0,156987392,0,135338254336,121210126336
1791579133.5796564,0.1165616437792778,9675497472,0,0,85017493504,9518845952,0,156651520,0,135523672064,121210126336
1791579133.7818532,0.11868409067392349,9861550080,0,0,85017493504,9704726528,0,156823552,0,135710154752,121210126336
1791579133.9858837,0.12265280075371265,10048929792,0,0,85017493504,9891237888,0,157691904,0,135898202112,121210126336
1791579134.1869812,0.1236885879188776,10233348096,0,0,85017493504,10076278784,0,157069312,0,136082575360,121210126336
1791579134.3922658,0.1289108842611313,10417250304,0,0,85017493504,10261766144,0,155484160,0,136267223040,121210126336
1791579134.591893,0.1284748576581478,10596777984,0,0,85017493504,10438701056,0,158076928,0,136447143936,121210126336
1791579134.7946646,0.1311759389936924,10783215616,0,0,85017493504,10624741376,0,158474240,0,136633876480,121210126336
1791579134.9978554,0.13429131731390953,10969513984,0,0,85017493504,10810855424,0,158658560,0,136820338688,121210126336
1791579135.1977625,0.13413572870194912,11153670144,0,0,85017493504,10995363840,0,158306304,0,137005244416,121210126336
1791579135.3981843,0.13449497520923615,11338694656,0,0,85017493504,11180888064,0,157806592,0,137190453248,121210126336
1791579135.5991037,0.13535040989518166,11523948544,0,0,85017493504,11366690816,0,157257728,0,137375928320,121210126336
1791579135.8116808,0.14785893447697163,11710660608,0,0,85017493504,11553599488,0,157061120,0,137563189248,121210126336
1791579136.0038283,0.13994324393570423,11887575040,0,0,85017493504,11729780736,0,157794304,0,137740492800,121210126336
1791579136.211355,0.14740804582834244,12069482496,0,0,85017493504,11914641408,0,154841088,0,137922777088,121210122240
1791579136.4077094,0.14368198066949844,12249296896,0,0,85017493504,12092059648,0,157237248,0,138102726656,121210122240
1791579136.61114,0.14704898186028004,12435415040,0,0,85017493504,12277456896,0,157958144,0,138289201152,121210122240
1791579136.8132622,0.14910619519650936,12621279232,0,0,85017493504,12463390720,0,157888512,0,138475413504,121210122240
1791579137.0179791,0.15376084111630917,12810031104,0,0,85017493504,12649754624,0,160276480,0,138664013824,121210122240
1791579137.217938,0.15365738980472088,12992430080,0,0,85017493504,12834172928,0,158257152,0,138846822400,121210122240
1791579137.4242742,0.15993084385991096,13181136896,0,0,85017493504,13019914240,0,161222656,0,139036295168,121210122240
1791579137.7030208,0.23861095309257507,13428953088,0,0,85017493504,13275295744,0,153657344,0,139284135936,121210122240
1791579137.9435995,0.24043741449713707,13640323072,0,0,85017493504,13479387136,0,160935936,0,139496218624,121210122240
1791579138.1873374,0.24359081126749516,13852516352,0,0,85017493504,13692825600,0,159690752,0,139708887040,121210122240
1791579138.4339635,0.24648245051503181,14078676992,0,0,85017493504,13918531584,0,160145408,0,139935473664,121210122240
1791579138.6862617,0.252157362177968,14307655680,0,0,85017493504,14148677632,0,158978048,0,140164661248,121210122240
1791579138.8906183,0.20421800203621387,14495551488,0,0,85017493504,14334922752,0,160628736,0,140352892928,121210122240
1791579139.0675316,0.17677809670567513,14658408448,0,0,85017493504,14498852864,0,159555584,0,140515909632,121210122240
1791579139.2736242,0.18280724063515663,14847217664,0,0,85017493504,14683402240,0,163815424,0,140705255424,121210122240
1791579139.555491,0.2646092716604471,15096131584,0,0,85017493504,14936248320,0,159883264,0,140954849280,121210122240
1791579139.823643,0.2680086325854063,15341228032,0,0,85017493504,15179993088,0,161234944,0,141200470016,121210122240
1791579140.0944734,0.27069028839468956,15579713536,0,0,85017493504,15420088320,0,159625216,0,141439315968,121210122240
1791579140.36364,0.2690233252942562,15826063360,0,0,85017493504,15665676288,0,160387072,0,141685723136,121210122240
1791579140.636627,0.27284528128802776,16076443648,0,0,85017493504,15915057152,0,161386496,0,141936676864,121210122240
1791579140.8620598,0.22529372945427895,16283242496,0,0,85017493504,16123084800,0,160157696,0,142144393216,121210122240
1791579141.0568442,0.19465645588934422,16462352384,0,0,85017493504,16302268416,0,160083968,0,142323777536,121210122240
1791579141.2592506,0.19700106978416443,16639168512,0,0,85017493504,16481185792,0,157982720,0,142501076992,121210122240
1791579141.4601877,0.19787687249481678,16815525888,0,0,85017493504,16657510400,0,158015488,0,142677852160,121210122240
1791579141.6584835,0.19611125066876411,16998096896,0,0,85017493504,16839311360,0,158785536,0,142860472320,121210122240
1791579141.8625689,0.2001354955136776,17181204480,0,0,85017493504,17021132800,0,160071680,0,143043874816,121210122240
1791579142.0622325,0.19952885247766972,17365016576,0,0,85017493504,17206800384,0,158216192,0,143228260352,121210122240
1791579142.26638,0.20361481234431267,17552666624,0,0,85017493504,17392054272,0,160612352,0,143432278016,121210122240
1791579142.561759,0.29523851349949837,17824157696,0,0,85017493504,17665130496,0,159027200,0,143688347648,121210122240
1791579142.820691,0.25879490934312344,18037248000,0,0,85017493504,17881440256,0,155807744,0,143901822976,121210122240
1791579143.029922,0.2090869192034006,18228600832,0,0,85017493504,18070978560,0,157622272,0,144093782016,121210122240
1791579143.2392635,0.20920812338590622,18420346880,0,0,85017493504,18263175168,0,157171712,0,144286019584,121210122240
1791579143.4504886,0.21108907274901867,18613895168,0,0,85017493504,18456506368,0,157388800,0,144479809536,121210122240
1791579143.662798,0.21217451430857182,18807832576,0,0,85017493504,18651103232,0,156729344,0,144674160640,121210122240
1791579143.8776696,0.2147381789982319,19003940864,0,0,85017493504,18847014912,0,156925952,0,144869920768,121210122240
1791579144.0966575,0.21884102001786232,19205042176,0,0,85017493504,19046842368,0,158199808,0,145071337472,121210118144
1791579144.3231654,0.2263710703700781,19405463552,0,0,85017493504,19247620096,0,157843456,0,145271947264,121210118144
1791579144.5467918,0.22348444536328316,19610460160,0,0,85017493504,19452137472,0,158322688,0,145477238784,121210118144
1791579144.7785656,0.23163634724915028,19813015552,0,0,85017493504,19655147520,0,157868032,0,145680482304,121210118144
1791579145.0053267,0.22661505453288555,20021166080,0,0,85017493504,19863695360,0,157470720,0,145888976896,121210118144
1791579145.2345865,0.22911920212209225,20231213056,0,0,85017493504,20073140224,0,158072832,0,146099179520,121210118144
1791579145.4658113,0.23108655586838722,20443017216,0,0,85017493504,20285026304,0,157990912,0,146311323648,121210118144
1791579145.698767,0.23281756229698658,20656451584,0,0,85017493504,20498681856,0,157769728,0,146525327360,121210118144
1791579145.937131,0.23822348937392235,20876390400,0,0,85017493504,20715298816,0,161091584,0,146745880576,121210118144
1791579146.2930305,0.3557477965950966,21205012480,0,0,85017493504,21043421184,0,161591296,0,147075137536,121210118144
1791579146.653441,0.3602567818015814,21521674240,0,0,85017493504,21360545792,0,161128448,0,147392315392,121210118144
1791579146.9454434,0.29185757227241993,21786787840,0,0,85017493504,21628555264,0,158232576,0,147658137600,121210118144
1791579147.1969936,0.25141375325620174,22014844928,0,0,85017493504,21857722368,0,157122560,0,147886505984,121210118144
1791579147.4489014,0.25176974199712276,22243401728,0,0,85017493504,22086164480,0,157237248,0,148116328448,121210114048
1791579147.7026873,0.253647580742836,22469554176,0,0,85017493504,22316617728,0,152936448,0,148342333440,121210114048
1791579147.957831,0.25500250421464443,22701137920,0,0,85017493504,22544031744,0,157106176,0,148574420992,121210114048
1791579148.21535,0.25738231651484966,22935068672,0,0,85017493504,22778032128,0,157036544,0,148808646656,121210114048
1791579148.479147,0.2636605855077505,23175618560,0,0,85017493504,23015976960,0,159641600,0,149049528320,121210114048
1791579148.7465286,0.2672385461628437,23420702720,0,0,85017493504,23259484160,0,161218560,0,149294784512,121210114048
1791579149.139477,0.39279840886592865,23776063488,0,0,85017493504,23616593920,0,159469568,0,149650886656,121210114048
1791579149.5403547,0.40073125064373016,24135106560,0,0,85017493504,23973588992,0,161517568,0,150010310656,121210114048
1791579149.9432664,0.40276777371764183,24504446976,0,0,85017493504,24343756800,0,160690176,0,150380482560,121210114048
1791579150.3482568,0.40484781563282013,24875208704,0,0,85017493504,24716111872,0,159096832,0,150751956992,121210114048
1791579150.7595112,0.41111369989812374,25251930112,0,0,85017493504,25092206592,0,159723520,0,151129530368,121210114048
1791579151.0981374,0.3384885601699352,25562595328,0,0,85017493504,25403482112,0,159113216,0,151441055744,121210114048
1791579151.3879306,0.289648512378335,25828188160,0,0,85017493504,25669754880,0,158433280,0,151707475968,121210114048
1791579151.67822,0.2901468053460121,26094526464,0,0,85017493504,25936216064,0,158310400,0,151974289408,121210114048
1791579152.027971,0.34960885159671307,26414911488,0,0,85017493504,26254864384,0,160047104,0,152295215104,121210114048
1791579152.4597855,0.4316685050725937,26802053120,0,0,85017493504,26643742720,0,158310400,0,152683225088,121210114048
1791579152.9048333,0.4449057560414076,27204313088,0,0,85017493504,27040542720,0,163770368,0,153086214144,121210114048
1791579153.2734282,0.36845366656780243,27531448320,0,0,85017493504,27371864064,0,159584256,0,153414520832,121210114048
1791579153.586321,0.3127536103129387,27817820160,0,0,85017493504,27656777728,0,161042432,0,153701249024,121210114048
1791579154.0402508,0.4537872690707445,28232798208,0,0,85017493504,28072509440,0,160288768,0,154116173824,121210114048
1791579154.4153502,0.3749525547027588,28576768000,0,0,85017493504,28417146880,0,159621120,0,154461233152,121210114048
1791579154.741463,0.3259531781077385,28865060864,0,0,85017493504,28706074624,0,158986240,0,154749902848,121210109952
1791579155.0640032,0.3223998863250017,29160169472,0,0,85017493504,29001773056,0,158396416,0,155045593088,121210109952
1791579155.3886704,0.32453073374927044,29457256448,0,0,85017493504,29299048448,0,158208000,0,155343474688,121210109952
1791579155.715484,0.3266753479838371,29756809216,0,0,85017493504,29598621696,0,158187520,0,155643985920,121210109952
1791579156.0486221,0.33300292305648327,30062047232,0,0,85017493504,29900206080,0,161841152,0,155950006272,121210109952
1791579156.5371807,0.48841128312051296,30499987456,0,0,85017493504,30341062656,0,158924800,0,156388724736,121210109952
1791579156.9387996,0.4014764875173569,30868164608,0,0,85017493504,30709157888,0,159006720,0,156757929984,121210109952
1791579157.2867072,0.34776887111365795,31187124224,0,0,85017493504,31023898624,0,163225600,0,157077618688,121210109952
1791579157.6328485,0.3460060954093933,31499149312,0,0,85017493504,31340331008,0,158818304,0,157390139392,121210109952
1791579157.981061,0.348072512075305,31817437184,0,0,85017493504,31659159552,0,158277632,0,157708926976,121210109952
1791579158.3426836,0.36149478144943714,32129359872,0,0,85017493504,31971569664,0,157790208,0,158020849664,121210109952
1791579158.7000635,0.35724014416337013,32456433664,0,0,85017493504,32295342080,0,161091584,0,158348873728,121210109952
1791579159.2232945,0.5231048911809921,32935743488,0,0,85017493504,32776380416,0,159363072,0,158829096960,121210109952
1791579159.657769,0.434332225471735,33328144384,0,0,85017493504,33169555456,0,158588928,0,159221981184,121210109952
1791579160.0239086,0.36600072868168354,33667842048,0,0,85017493504,33509507072,0,158334976,0,159562334208,121210109952
1791579160.392311,0.3682636171579361,34009415680,0,0,85017493504,33851260928,0,158154752,0,159904788480,121210109952
1791579160.7660844,0.3736335374414921,34355929088,0,0,85017493504,34195189760,0,160739328,0,160252211200,121210109952
1791579161.3229208,0.5567329209297895,34862403584,0,0,85017493504,34705727488,0,156676096,0,160759390208,121210109952
1791579161.7814145,0.4583437032997608,35279396864,0,0,85017493504,35118706688,0,160690176,0,161177346048,121210109952
1791579162.346713,0.565150298178196,35804495872,0,0,85017493504,35644174336,0,160321536,0,161703456768,121210109952
1791579162.9183097,0.5714545529335737,36330135552,0,0,85017493504,36170428416,0,159707136,0,162229813248,121210109952
1791579163.5037656,0.5853121038526297,36845248512,0,0,85017493504,36683431936,0,161816576,0,162745466880,121210109952
1791579163.9760373,0.47213072143495083,37284077568,0,0,85017493504,37122809856,0,161267712,0,163185168384,121210109952
1791579164.3767135,0.4005286283791065,37656477696,0,0,85017493504,37497835520,0,158642176,0,163558764544,121210109952
1791579164.7795599,0.4027045499533415,38031167488,0,0,85017493504,37872857088,0,158310400,0,163934199808,121210109952
1791579165.1973417,0.41763924807310104,38395629568,0,0,85017493504,38238027776,0,157601792,0,164299313152,121210109952
1791579165.6070802,0.4096010737121105,38775574528,0,0,85017493504,38617788416,0,157786112,0,164679569408,121210109952
1791579166.0193493,0.41216124780476093,39158398976,0,0,85017493504,39000535040,0,157863936,0,165063172096,121210109952
1791579166.4416728,0.422179140150547,39541858304,0,0,85017493504,39384051712,0,157806592,0,165447471104,121210109952
1791579166.8672485,0.4254302382469177,39926751232,0,0,85017493504,39768756224,0,157995008,0,165833121792,121210109952
1791579167.2935448,0.426156647503376,40323121152,0,0,85017493504,40162881536,0,160239616,0,166230708224,121210109952
1791579167.9321642,0.6384739391505718,40901402624,0,0,85017493504,40747593728,0,153808896,0,166810361856,121210109952
1791579168.5774324,0.6451110355556011,41489997824,0,0,85017493504,41329922048,0,160075776,0,167400054784,121210109952
1791579169.1036394,0.5260719116777182,41967747072,0,0,85017493504,41807339520,0,160407552,0,167878823936,121210109952
1791579169.5508862,0.4470927491784096,42381496320,0,0,85017493504,42222825472,0,158670848,0,168293093376,121210105856
1791579170.0043032,0.453272320330143,42801897472,0,0,85017493504,42640691200,0,161206272,0,168714424320,121210105856
1791579170.6764739,0.6720236614346504,43418902528,0,0,85017493504,43257884672,0,161017856,0,169332322304,121210105856
1791579171.2238073,0.5471951272338629,43924643840,0,0,85017493504,43764666368,0,159977472,0,169839140864,121210105856
1791579171.693674,0.46972123347222805,44359081984,0,0,85017493504,44196659200,0,162422784,0,170274373632,121210105856
1791579172.3892164,0.6953969169408083,45002719232,0,0,85017493504,44842020864,0,160698368,0,170919436288,121210105856
1791579173.0949206,0.7055608425289392,45650731008,0,0,85017493504,45490003968,0,160727040,0,171568799744,121210105856
1791579173.6678274,0.5727680567651987,46181900288,0,0,85017493504,46022230016,0,159670272,0,172101042176,121210105856
1791579174.1571553,0.4891870953142643,46635225088,0,0,85017493504,46476242944,0,158982144,0,172555108352,121210105856
1791579174.6517446,0.494444889947772,47094284288,0,0,85017493504,46933204992,0,161079296,0,173015236608,121210105856
1791579175.3888543,0.7369398716837168,47755223040,0,0,85017493504,47595147264,0,160075776,0,173677350912,121210105856
1791579175.9887316,0.5997390486299992,48310423552,0,0,85017493504,48149360640,0,161062912,0,174234296320,121210105856
1791579176.7462144,0.7573373150080442,49004470272,0,0,85017493504,48844304384,0,160165888,0,174929739776,121210105856
1791579177.3598707,0.6135198827832937,49573617664,0,0,85017493504,49413545984,0,160071680,0,175499816960,121210101760
1791579177.881251,0.5212425217032433,50052620288,0,0,85017493504,49893998592,0,158621696,0,175979364352,121210101760
1791579178.4145672,0.5331781227141619,50538450944,0,0,85017493504,50378043392,0,160407552,0,176466239488,121210101760
1791579179.2044153,0.7897029593586922,51270348800,0,0,85017493504,51109490688,0,160858112,0,177199431680,121210101760
1791579179.8439121,0.6393561884760857,51862917120,0,0,85017493504,51702517760,0,160399360,0,177792757760,121210101760
1791579180.3934064,0.5493526551872492,52363649024,0,0,85017493504,52204343296,0,159305728,0,178294599680,121210101760
1791579180.9468567,0.5533072128891945,52866170880,0,0,85017493504,52707528704,0,158642176,0,178797768704,121210101760
1791579181.5050313,0.5580356847494841,53383249920,0,0,85017493504,53221085184,0,162164736,0,179316047872,121210101760
1791579182.3398788,0.8346983063966036,54139879424,0,0,85017493504,53978488832,0,161390592,0,180074569728,121210101760
1791579183.1826813,0.8426561560481787,54917455872,0,0,85017493504,54757289984,0,160165888,0,180853743616,121210101760
1791579183.862654,0.6798274330794811,55547916288,0,0,85017493504,55388991488,0,158924800,0,181485592576,121210101760
1791579184.4464698,0.5836781039834023,56089829376,0,0,85017493504,55927627776,0,162201600,0,182028292096,121210101760
1791579185.3177848,0.8711679093539715,56880857088,0,0,85017493504,56721227776,0,159629312,0,182820884480,121210101760
1791579186.0258489,0.7079238500446081,57537519616,0,0,85017493504,57377492992,0,160026624,0,183478603776,121210101760
1791579186.6259246,0.5999317895621061,58094051328,0,0,85017493504,57935130624,0,158920704,0,184036278272,121210101760
1791579187.2309499,0.6048913095146418,58654789632,0,0,85017493504,58496000000,0,158789632,0,184598110208,121210101760
1791579187.8427262,0.6116371564567089,59211735040,0,0,85017493504,59050684416,0,161050624,0,185155661824,121210101760
1791579188.4597087,0.6168455798178911,59781079040,0,0,85017493504,59619864576,0,161214464,0,185725874176,121210101760
1791579189.0911841,0.6313327644020319,60343508992,0,0,85017493504,60183781376,0,159727616,0,186289197056,121210101760
1791579189.7208252,0.6294960472732782,60924338176,0,0,85017493504,60763336704,0,161001472,0,186871160832,121210101760
1791579190.950594,1.2296209819614887,61533384704,0,1048576,85017493504,61394554880,0,139878400,0,187473649664,121210093568
1791579191.7317686,0.781040670350194,61594910720,0,23068672,84995473408,61394554880,0,223424512,0,187474051072,121210093568
1791579192.396069,0.6641499809920788,61595496448,0,24117248,84994424832,61394554880,0,225058816,0,187474964480,121210089472
1791579193.3420758,0.9458869136869907,61610131456,0,30408704,84988133376,61394554880,0,245985280,0,187483070464,121210089472
1791579194.285068,0.9428776279091835,61632581632,0,552599552,84465942528,61394554880,0,,1,187493150720,121210085376
1791579195.2283454,0.943159207701683,61632827392,0,61948821504,23069720576,61394554880,0,,1,187493126144,121210085376
1791579195.9819665,0.7534859627485275,61632827392,0,61948821504,23069720576,61394554880,61394690560,792403456,0,187493466112,121210085376
1791579196.6272697,0.6451529618352652,61632827392,0,61948821504,23069720576,61394554880,61394690560,792403456,0,187493040128,121210085376
1791579197.275263,0.6478535868227482,61632827392,0,61948821504,23069720576,61394554880,61394690560,792403456,0,187509133312,121210085376
1791579197.9179018,0.642498716711998,61632827392,0,61948821504,23069720576,61394554880,61394690560,792403456,0,187493179392,121210085376
1791579198.89477,0.976721903309226,61632827392,0,61948821504,23069720576,61394554880,61394690560,792403456,0,187492880384,121210085376
1791579199.8735604,0.9786434154957533,61632827392,0,61948821504,23069720576,61394554880,61394690560,792403456,0,187493175296,121210085376
1791579200.8302155,0.956509554758668,61632827392,0,61948821504,23069720576,61394554880,61394690560,792403456,0,187493371904,121210085376
1791579201.5960343,0.7656745724380016,61632827392,0,61948821504,23069720576,61394554880,61394690560,792403456,0,187493732352,121210085376
1791579202.2469308,0.6507464591413736,61632827392,0,61948821504,23069720576,61394554880,61394690560,792403456,0,187493707776,121210085376
1791579202.891675,0.6445960607379675,61632827392,0,61948821504,23069720576,61394554880,61394690560,792403456,0,187493646336,121210085376
1791579203.5414352,0.6496131829917431,61632827392,0,61948821504,23069720576,61394554880,61394690560,792403456,0,187493744640,121210085376
1791579204.1857717,0.6441966518759727,61632827392,0,61948821504,23069720576,61394554880,61394690560,792403456,0,187493367808,121210085376
1791579204.829034,0.6431222967803478,61632827392,0,61948821504,23069720576,61394554880,61394690560,792403456,0,187493429248,121210085376
1791579205.4791005,0.6499275788664818,61632827392,0,61948821504,23069720576,61394554880,61394690560,792403456,0,187493515264,121210085376
1791579206.1254294,0.6461804304271936,61632827392,0,61948821504,23069720576,61394554880,61394690560,792403456,0,187493556224,121210085376
1791579206.7711265,0.645554669201374,61632827392,0,61948821504,23069720576,61394554880,61394690560,792403456,0,187493650432,121210085376
1791579207.7202601,0.9489789139479399,61632827392,0,61948821504,23069720576,61394554880,61394690560,792403456,0,187494367232,121210081280
1791579208.6692739,0.9488636068999767,61632827392,0,61948821504,23069720576,61394554880,61394690560,792403456,0,187493355520,121210081280
1791579209.622008,0.9525865837931633,61632827392,0,61948821504,23069720576,61394554880,61394690560,792403456,0,187493335040,121210081280
1791579210.4019315,0.7797828651964664,61632827392,0,61948821504,23069720576,61394554880,61394690560,792403456,0,187493527552,121210081280
1791579211.0514035,0.6493258140981197,61632827392,0,61948821504,23069720576,61394554880,61394690560,792403456,0,187493453824,121210081280
1791579212.0009468,0.9493967331945896,61632827392,0,61948821504,23069720576,61394554880,61394690560,792403456,0,187493453824,121210081280
1791579212.9501746,0.9490870144218206,61632827392,0,61948821504,23069720576,61394554880,61394690560,792403456,0,187493150720,121210081280
1791579213.7239587,0.7736390475183725,61632827392,0,61948821504,23069720576,61394554880,61394690560,792403456,0,187493052416,121210081280
1791579214.3644712,0.6403656806796789,61650190336,0,61948821504,23069720576,61394554880,61394690560,809766400,0,187510681600,121210077184
1791579215.6201227,1.2555149048566818,61653557248,0,62563287040,22455255040,61394554880,61394690560,1427598848,0,187494985728,121210077184
1791579216.2578752,0.6375927776098251,61634551808,0,62571675648,22446866432,61394554880,61394690560,1416982016,0,187495182336,121210073088
1791579216.9034889,0.6454751417040825,61634674688,0,62582161408,22436380672,61394554880,61394690560,1427590656,0,187495022592,121210073088
1791579217.5463881,0.6427610889077187,61634797568,0,62592647168,22425894912,61394554880,61394690560,1438199296,0,187495710720,121210073088
1791579218.1864064,0.6398824639618397,61634949120,0,62605230080,22413312000,61394554880,61394690560,1450933760,0,187495317504,121210073088
1791579218.9714813,0.7849317733198404,61635080192,0,62617812992,22400729088,61394554880,61394690560,1463647744,0,187495309312,121210073088
1791579219.673572,0.7019551750272512,61635174400,0,62626201600,22392340480,61394554880,61394690560,1472130560,0,187495223296,121210073088
1791579220.325525,0.6518098637461662,61635194880,0,62626201600,22392340480,61394554880,61394690560,1472151040,0,187495571456,121210073088
1791579221.2545376,0.9288668408989906,61635194880,0,62626201600,22392340480,61394554880,61394690560,1472151040,0,187495305216,121210073088
1791579222.0247405,0.7700666915625334,61635194880,0,62626201600,22392340480,61394554880,61394690560,1472151040,0,187496497152,121210073088
1791579222.7064955,0.6815550122410059,61635194880,0,62626201600,22392340480,61394554880,61394690560,1472151040,0,187496628224,121210073088
1791579223.64185,0.9352129101753235,61635194880,0,62626201600,22392340480,61394554880,61394690560,1472151040,0,187496136704,121210073088
1791579224.5762508,0.9342539925128222,61635194880,0,62626201600,22392340480,61394554880,61394690560,1472151040,0,187495964672,121210073088
1791579225.5135043,0.9370986092835665,61635194880,0,62626201600,22392340480,61394554880,61394690560,1472151040,0,187495862272,121210073088
1791579226.2724533,0.7588119395077229,61635194880,0,62626201600,22392340480,61394554880,61394690560,1472151040,0,187496206336,121210073088
1791579226.9100704,0.637476522475481,61635194880,0,62626201600,22392340480,61394554880,61394690560,1472151040,0,187496022016,121210073088
1791579227.5473647,0.6371719241142273,61635194880,0,62626201600,22392340480,61394554880,61394690560,1472151040,0,187496140800,121210073088
1791579228.1840203,0.6365148555487394,61635194880,0,62626201600,22392340480,61394554880,61394690560,1472151040,0,187496067072,121210073088
1791579228.820692,0.6365298591554165,61635194880,0,62626201600,22392340480,61394554880,61394690560,1472151040,0,187495780352,121210073088
1791579229.4568546,0.6360257230699062,61635194880,0,62626201600,22392340480,61394554880,61394690560,1472151040,0,187495530496,121210073088
1791579230.0929153,0.6359205581247807,61635194880,0,62626201600,22392340480,61394554880,61394690560,1472151040,0,187495604224,121210073088
1791579230.7334359,0.6403773315250874,61635194880,0,62626201600,22392340480,61394554880,61394690560,1472151040,0,187495424000,121210073088
1791579231.6659653,0.9323859438300133,61635194880,0,62626201600,22392340480,61394554880,61394690560,1472151040,0,187495755776,121210073088
1791579232.430867,0.7647627610713243,61635194880,0,62626201600,22392340480,61394554880,61394690560,1472151040,0,187496067072,121210068992
1791579233.372088,0.9410756248980761,61635194880,0,62626201600,22392340480,61394554880,61394690560,1472151040,0,187495276544,121210068992
1791579234.145124,0.772933317348361,61635194880,0,62626201600,22392340480,61394554880,61394690560,1472151040,0,187495051264,121210068992
1791579235.100427,0.9551474563777447,61635194880,0,62626201600,22392340480,61394554880,61394690560,1472151040,0,187494973440,121210068992
1791579235.8750072,0.7744414117187262,61635194880,0,62626201600,22392340480,61394554880,61394690560,1472151040,0,187495092224,121210068992
1791579236.5320776,0.656920813024044,61635194880,0,62626201600,22392340480,61394554880,61394690560,1472151040,0,187494735872,121210068992
1791579237.1707294,0.6385467033833265,61635194880,0,62626201600,22392340480,61394554880,61394690560,1472151040,0,187494473728,121210068992
1791579237.8400295,0.6691411677747965,61635194880,0,62626201600,22392340480,61394554880,61394690560,1472151040,0,187494862848,121210064896
1791579238.6074386,0.7672564815729856,61635194880,0,62626201600,22392340480,61394554880,61394690560,1472151040,0,187495092224,121210064896
1791579239.5248866,0.9172993525862694,61635194880,0,62626201600,22392340480,61394554880,61394690560,1472151040,0,187495079936,121210064896
1791579240.2927878,0.7677626572549343,61635194880,0,62626201600,22392340480,61394554880,61394690560,1472151040,0,187495030784,121210064896
1791579241.2304,0.9374651554971933,61635194880,0,62626201600,22392340480,61394554880,61394690560,1472151040,0,187495043072,121210064896
1791579242.0025496,0.7720126807689667,61635194880,0,62626201600,22392340480,61394554880,61394690560,1472151040,0,187494957056,121210064896
1791579242.6587749,0.65607875213027,61635194880,0,62626201600,22392340480,61394554880,61394690560,1472151040,0,187494858752,121210064896
1791579243.32114,0.6622168403118849,61635194880,0,62626201600,22392340480,61394554880,61394690560,1472151040,0,187494735872,121210064896
1791579243.9607067,0.639416879042983,61635194880,0,62626201600,22392340480,61394554880,61394690560,1472151040,0,187495026688,121210064896
1791579244.791753,0.8308978825807571,61635194880,0,62626201600,22392340480,61394554880,61394690560,1472151040,0,187494735872,121210064896
1791579245.7231965,0.9312960803508759,61635194880,0,62626201600,22392340480,61394554880,61394690560,1472151040,0,187495067648,121210064896
1791579246.5040793,0.7807379607111216,61635194880,0,62626201600,22392340480,61394554880,61394690560,1472151040,0,187495055360,121210064896
1791579247.4423943,0.938210366293788,61635194880,0,62626201600,22392340480,61394554880,61394690560,1472151040,0,187494883328,121210064896
1791579248.378862,0.936322420835495,61635194880,0,62626201600,22392340480,61394554880,61394690560,1472151040,0,187494891520,121210064896
1791579249.1945136,0.815375741571188,61635194880,0,62626201600,22392340480,61394554880,61394690560,1472151040,0,187495022592,121210064896
1791579249.8474827,0.6528199724853039,61635194880,0,62626201600,22392340480,61394554880,61394690560,1472151040,0,187495079936,121210064896
1791579250.785247,0.9376173336058855,61635194880,0,62626201600,22392340480,61394554880,61394690560,1472151040,0,187495051264,121210064896
1791579251.7249956,0.9396012369543314,61635194880,0,62626201600,22392340480,61394554880,61394690560,1472151040,0,187494793216,121210064896
1791579252.6608384,0.935698851943016,61635194880,0,62626201600,22392340480,61394554880,61394690560,1472151040,0,187494830080,121210064896
1791579253.5959687,0.9349833112210035,61635194880,0,62626201600,22392340480,61394554880,61394690560,1472151040,0,187494912000,121210064896
1791579254.5317054,0.9355911426246166,61635194880,0,62626201600,22392340480,61394554880,61394690560,1472151040,0,187495129088,121210064896
1791579255.2940662,0.7622143030166626,61635194880,0,62626201600,22392340480,61394554880,61394690560,1472151040,0,187495182336,121210064896
1791579255.9425323,0.6483440902084112,61635194880,0,62626201600,22392340480,61394554880,61394690560,1472151040,0,187495174144,121210064896
1791579256.5975568,0.6548785008490086,61635194880,0,62626201600,22392340480,61394554880,61394690560,1472151040,0,187494965248,121210064896
1791579257.2503965,0.6526865772902966,61635194880,0,62626201600,22392340480,61394554880,61394690560,1472151040,0,187498377216,121210064896
1791579257.9139307,0.663394620642066,61635194880,0,62626201600,22392340480,61394554880,61394690560,1472151040,0,187494789120,121210060800
1791579258.5804744,0.6663942262530327,61635194880,0,62626201600,22392340480,61394554880,61394690560,1472151040,0,187495055360,121210060800
1791579259.5074055,0.9267882648855448,61635194880,0,62626201600,22392340480,61394554880,61394690560,1472151040,0,187495051264,121210060800
1791579260.2953913,0.7878354247659445,61635194880,0,62626201600,22392340480,61394554880,61394690560,1472151040,0,187495424000,121210060800
1791579260.995164,0.6996256690472364,61635194880,0,62626201600,22392340480,61394554880,61394690560,1472151040,0,187495301120,121210060800
1791579261.6827228,0.6873646359890699,61635194880,0,62626201600,22392340480,61394554880,61394690560,1472151040,0,187495919616,121210056704
1791579262.380405,0.697531858459115,61635194880,0,62626201600,22392340480,61394554880,61394690560,1472151040,0,187495882752,121210056704
1791579263.087067,0.7065200116485357,61635194880,0,62626201600,22392340480,61394554880,61394690560,1472151040,0,187495936000,121210056704
1791579263.7681415,0.6809531915932894,61635194880,0,62626201600,22392340480,61394554880,61394690560,1472151040,0,187496042496,121210056704
1791579264.6978853,0.9295850768685341,61635194880,0,62626201600,22392340480,61394554880,61394690560,1472151040,0,187495804928,121210056704
1791579265.4909976,0.7929584290832281,61635194880,0,62626201600,22392340480,61394554880,61394690560,1472151040,0,187495899136,121210056704
1791579266.1658673,0.6747218370437622,61635194880,0,62626201600,22392340480,61394554880,61394690560,1472151040,0,187495989248,121210056704
1791579266.836365,0.6703440025448799,61635194880,0,62626201600,22392340480,61394554880,61394690560,1472151040,0,187496087552,121210056704
1791579267.5014174,0.664902301505208,61635194880,0,62626201600,22392340480,61394554880,61394690560,1472151040,0,187495985152,121210056704
1791579268.172922,0.6713553871959448,61635194880,0,62626201600,22392340480,61394554880,61394690560,1472151040,0,187495956480,121210056704
1791579268.8339643,0.6608995664864779,61635194880,0,62626201600,22392340480,61394554880,61394690560,1472151040,0,187496050688,121210056704
1791579269.511556,0.6774431392550468,61635194880,0,62626201600,22392340480,61394554880,61394690560,1472151040,0,187496030208,121210056704
1791579270.1712303,0.6595303509384394,61635194880,0,62626201600,22392340480,61394554880,61394690560,1472151040,0,187495464960,121210056704
1791579270.8368843,0.6655025407671928,61635194880,0,62626201600,22392340480,61394554880,61394690560,1472151040,0,187495546880,121210056704
1791579271.5593953,0.7223683521151543,61635194880,0,62626201600,22392340480,61394554880,61394690560,1472151040,0,187494637568,121210056704
1791579272.4997182,0.9401744399219751,61635194880,0,62626201600,22392340480,61394554880,61394690560,1472151040,0,187494903808,121210056704
1791579273.4413118,0.9414466731250286,61635194880,0,62626201600,22392340480,61394554880,61394690560,1472151040,0,187494817792,121210056704
1791579274.3822844,0.9408272933214903,61635194880,0,62626201600,22392340480,61394554880,61394690560,1472151040,0,187494768640,121210056704
1791579275.32154,0.9391086231917143,61635194880,0,62626201600,22392340480,61394554880,61394690560,1472151040,0,187494768640,121210056704
1791579276.1204684,0.7987808976322412,61635194880,0,62626201600,22392340480,61394554880,61394690560,1472151040,0,187495268352,121210056704
1791579276.7839527,0.663339413702488,61635194880,0,62626201600,22392340480,61394554880,61394690560,1472151040,0,187495055360,121210056704
1791579277.457009,0.672907268628478,61635211264,0,62628298752,22390243328,61394554880,61394690560,1474264576,0,187495616512,121210056704
1791579278.1362076,0.6790540143847466,61635211264,0,62628298752,22390243328,61394554880,61394690560,1474264576,0,187495231488,121210056704
1791579279.0635703,0.9272159077227116,61635211264,0,62628298752,22390243328,61394554880,61394690560,1474264576,0,187495309312,121210056704
1791579279.8599129,0.7962015103548765,61635211264,0,62628298752,22390243328,61394554880,61394690560,1474264576,0,187495124992,121210056704
1791579280.7850897,0.9250292312353849,61635211264,0,62628298752,22390243328,61394554880,61394690560,1474264576,0,187495448576,121210056704
1791579281.7159758,0.9307327754795551,61635211264,0,62628298752,22390243328,61394554880,61394690560,1474264576,0,187495608320,121210056704
1791579282.5012922,0.785176008939743,61635211264,0,62628298752,22390243328,61394554880,61394690560,1474264576,0,187496046592,121210052608
1791579283.1745589,0.6731161568313837,61635211264,0,62628298752,22390243328,61394554880,61394690560,1474264576,0,187495649280,121210052608
1791579283.860677,0.6859595626592636,61635211264,0,62628298752,22390243328,61394554880,61394690560,1474264576,0,187495460864,121210048512
1791579284.5363994,0.6755762733519077,61635211264,0,62628298752,22390243328,61394554880,61394690560,1474264576,0,187495501824,121210048512
1791579285.2009037,0.6643510982394218,61635211264,0,62628298752,22390243328,61394554880,61394690560,1474264576,0,187495579648,121210048512
1791579285.8673959,0.6663440447300673,61635215360,0,62628298752,22390243328,61394554880,61394690560,1474268672,0,187495284736,121210048512
1791579286.5353258,0.6677776370197535,61635215360,0,62628298752,22390243328,61394554880,61394690560,1474268672,0,187495374848,121210048512
1791579287.1972544,0.6617796793580055,61635215360,0,62628298752,22390243328,61394554880,61394690560,1474268672,0,187495464960,121210048512
1791579287.8671713,0.66975980065763,61635215360,0,62628298752,22390243328,61394554880,61394690560,1474268672,0,187496177664,121210044416
1791579288.7938852,0.926562087610364,61635219456,0,62628298752,22390243328,61394554880,61394690560,1474272768,0,187495800832,121210044416
1791579289.7223737,0.9283399675041437,61635223552,0,62628298752,22390243328,61394554880,61394690560,1474276864,0,187495587840,121210044416
1791579290.6516936,0.9291744194924831,61635223552,0,62628298752,22390243328,61394554880,61394690560,1474276864,0,187495374848,121210044416
1791579291.5822887,0.9304448496550322,61635223552,0,62628298752,22390243328,61394554880,61394690560,1474276864,0,187495747584,121210044416
1791579292.3676922,0.7852451670914888,61635223552,0,62628298752,22390243328,61394554880,61394690560,1474276864,0,187495772160,121210044416
1791579293.037412,0.6695716008543968,61635223552,0,62628298752,22390243328,61394554880,61394690560,1474276864,0,187495849984,121210044416
1791579293.7005618,0.6630045641213655,61635223552,0,62628298752,22390243328,61394554880,61394690560,1474276864,0,187495768064,121210044416
1791579294.3623195,0.6616060826927423,61635223552,0,62628298752,22390243328,61394554880,61394690560,1474276864,0,187495862272,121210044416
1791579295.0244775,0.6620098873972893,61635223552,0,62628298752,22390243328,61394554880,61394690560,1474276864,0,187495927808,121210044416
1791579295.6855338,0.6609082575887442,61635223552,0,62628298752,22390243328,61394554880,61394690560,1474276864,0,187495743488,121210044416
1791579296.3480244,0.6623415611684322,61635223552,0,62628298752,22390243328,61394554880,61394690560,1474276864,0,187495804928,121210044416
1791579297.0210452,0.6728727985173464,61635223552,0,62628298752,22390243328,61394554880,61394690560,1474276864,0,187495718912,121210044416
1791579297.6880875,0.6668970249593258,61635223552,0,62628298752,22390243328,61394554880,61394690560,1474276864,0,187495407616,121210044416
1791579298.3567502,0.6685048509389162,61635223552,0,62628298752,22390243328,61394554880,61394690560,1474276864,0,187495489536,121210044416
1791579299.0221114,0.6652122717350721,61635223552,0,62628298752,22390243328,61394554880,61394690560,1474276864,0,187495571456,121210044416
1791579299.6965172,0.6742474809288979,61635223552,0,62628298752,22390243328,61394554880,61394690560,1474276864,0,187495620608,121210044416
1791579300.358776,0.6621107831597328,61635223552,0,62628298752,22390243328,61394554880,61394690560,1474276864,0,187495710720,121210044416
1791579301.0212593,0.6623367145657539,61635223552,0,62628298752,22390243328,61394554880,61394690560,1474276864,0,187495514112,121210044416
1791579301.6913087,0.6699027717113495,61635223552,0,62628298752,22390243328,61394554880,61394690560,1474276864,0,187496132608,121210044416
1791579302.3551044,0.6636478193104267,61635223552,0,62628298752,22390243328,61394554880,61394690560,1474276864,0,187495571456,121210044416
1791579303.0283387,0.6730748228728771,61635223552,0,62628298752,22390243328,61394554880,61394690560,1474276864,0,187495620608,121210044416
1791579303.6894612,0.6609835829585791,61635223552,0,62628298752,22390243328,61394554880,61394690560,1474276864,0,187495714816,121210044416
1791579304.6181357,0.928524274379015,61635223552,0,62628298752,22390243328,61394554880,61394690560,1474276864,0,187495567360,121210040320
1791579305.5450182,0.9267265181988478,61635223552,0,62628298752,22390243328,61394554880,61394690560,1474276864,0,187495657472,121210040320
1791579306.329575,0.7844155877828598,61635223552,0,552599552,84465942528,61394554880,61394690560,,1,187495870464,121210028032
1791579306.3727515,0.043036531656980515,61629059072,0,462422016,84556120064,0,0,,1,187486343168,121210028032
1791579306.5582867,0.028509408235549927,61228236800,0,4194304,85014347776,0,0,,1,186847277056,121210028032
1791579306.7684665,0.038605501875281334,58209288192,0,4194304,85014347776,0,0,,1,183589826560,121210028032
1791579306.9581506,0.028179528191685677,55004434432,0,4194304,85014347776,0,0,,1,180491345920,121210028032
1791579307.1584225,0.02837119624018669,51257761792,0,4194304,85014347776,0,0,,1,176746872832,121210028032
1791579307.360906,0.030738169327378273,47523799040,0,4194304,85014347776,0,0,,1,172983689216,121210023936
1791579307.556657,0.026406852528452873,43843391488,0,4194304,85014347776,0,0,,1,169342054400,121210023936
1791579307.757451,0.027060510590672493,40175042560,0,4194304,85014347776,0,0,,1,165697556480,121210023936
1791579307.9575195,0.027063272893428802,36401356800,0,4194304,85014347776,0,0,,1,161794228224,121210023936
1791579308.158224,0.027681434527039528,32349609984,0,4194304,85014347776,0,0,,1,157757345792,121210023936
1791579308.3581629,0.027535753324627876,28178694144,0,4194304,85014347776,0,0,,1,153599078400,121210023936
1791579308.5587287,0.028018873184919357,23968055296,0,4194304,85014347776,0,0,,1,149352960000,121210023936
1791579308.7606745,0.0298820398747921,19797139456,0,4194304,85014347776,0,0,,1,145194446848,121210023936
1791579308.9596167,0.02873879298567772,15626223616,0,4194304,85014347776,0,0,,1,141036392448,121210023936
1791579309.162984,0.03201172314584255,11534753792,0,4194304,85014347776,0,0,,1,136914735104,121210023936
1791579309.3641326,0.033071134239435196,7522729984,0,4194304,85014347776,0,0,,1,132982493184,121210023936
1791579309.5588565,0.02771035209298134,3739553792,0,4194304,85014347776,0,0,,1,129229783040,121210023936
1791579309.7614322,0.030201243236660957,153423872,0,4194304,85014347776,0,0,,1,125853671424,121209966592
